{"dim1": [640, 480], "dim2": [640, 480], "dim3": [640, 480], "K": [[225.02141951704434, 0.0, 315.43413015360596], [0.0, 225.49747024208006, 225.10039502543015], [0.0, 0.0, 1.0]], "D": [[-0.024997418445614462], [-0.022957774728225903], [0.014980192419081722], [-0.005130804447140462]], "new_K": [[98.66202452879351, 0.0, 338.667109316485], [0.0, 98.87075189533145, 222.60749970059027], [0.0, 0.0, 1.0]], "scaled_K": [[225.02141951704434, 0.0, 315.43413015360596], [0.0, 225.49747024208006, 225.10039502543015], [0.0, 0.0, 1.0]], "balance": 1}